date_sk,date_nk,Date_Year
20220101,2022-01-01,2022
20220103,2022-01-03,2022
20220105,2022-01-05,2022
20220107,2022-01-07,2022
20220109,2022-01-09,2022
20220111,2022-01-11,2022
20220113,2022-01-13,2022
20220115,2022-01-15,2022
20220117,2022-01-17,2022
20220119,2022-01-19,2022
20220121,2022-01-21,2022
20220123,2022-01-23,2022
20220125,2022-01-25,2022
20220127,2022-01-27,2022
20220129,2022-01-29,2022
20220131,2022-01-31,2022
20220202,2022-02-02,2022
20220204,2022-02-04,2022
20220206,2022-02-06,2022
20220208,2022-02-08,2022
20220210,2022-02-10,2022
20220212,2022-02-12,2022
20220214,2022-02-14,2022
20220216,2022-02-16,2022
20220218,2022-02-18,2022
20220220,2022-02-20,2022
20220222,2022-02-22,2022
20220224,2022-02-24,2022
20220226,2022-02-26,2022
20220228,2022-02-28,2022
20220302,2022-03-02,2022
20220304,2022-03-04,2022
20220306,2022-03-06,2022
20220308,2022-03-08,2022
20220310,2022-03-10,2022
20220312,2022-03-12,2022
20220314,2022-03-14,2022
20220316,2022-03-16,2022
20220318,2022-03-18,2022
20220320,2022-03-20,2022
20220322,2022-03-22,2022
20220324,2022-03-24,2022
20220326,2022-03-26,2022
20220328,2022-03-28,2022
20220330,2022-03-30,2022
20220401,2022-04-01,2022
20220403,2022-04-03,2022
20220405,2022-04-05,2022
20220407,2022-04-07,2022
20220409,2022-04-09,2022
20220411,2022-04-11,2022
20220413,2022-04-13,2022
20220415,2022-04-15,2022
20220417,2022-04-17,2022
20220419,2022-04-19,2022
20220421,2022-04-21,2022
20220423,2022-04-23,2022
20220425,2022-04-25,2022
20220427,2022-04-27,2022
20220429,2022-04-29,2022
20220501,2022-05-01,2022
20220503,2022-05-03,2022
20220505,2022-05-05,2022
20220507,2022-05-07,2022
20220509,2022-05-09,2022
20220511,2022-05-11,2022
20220513,2022-05-13,2022
20220515,2022-05-15,2022
20220517,2022-05-17,2022
20220519,2022-05-19,2022
20220521,2022-05-21,2022
20220523,2022-05-23,2022
20220525,2022-05-25,2022
20220527,2022-05-27,2022
20220529,2022-05-29,2022
20220531,2022-05-31,2022
20220602,2022-06-02,2022
20220604,2022-06-04,2022
20220606,2022-06-06,2022
20220608,2022-06-08,2022
20220610,2022-06-10,2022
20220612,2022-06-12,2022
20220614,2022-06-14,2022
20220616,2022-06-16,2022
20220618,2022-06-18,2022
20220620,2022-06-20,2022
20220622,2022-06-22,2022
20220624,2022-06-24,2022
20220626,2022-06-26,2022
20220628,2022-06-28,2022
20220630,2022-06-30,2022
20220702,2022-07-02,2022
20220704,2022-07-04,2022
20220706,2022-07-06,2022
20220708,2022-07-08,2022
20220710,2022-07-10,2022
20220712,2022-07-12,2022
20220714,2022-07-14,2022
20220716,2022-07-16,2022
20220718,2022-07-18,2022
20220720,2022-07-20,2022
20220722,2022-07-22,2022
20220724,2022-07-24,2022
20220726,2022-07-26,2022
20220728,2022-07-28,2022
20220730,2022-07-30,2022
20220801,2022-08-01,2022
20220803,2022-08-03,2022
20220805,2022-08-05,2022
20220807,2022-08-07,2022
20220809,2022-08-09,2022
20220811,2022-08-11,2022
20220813,2022-08-13,2022
20220815,2022-08-15,2022
20220817,2022-08-17,2022
20220819,2022-08-19,2022
20220821,2022-08-21,2022
20220823,2022-08-23,2022
20220825,2022-08-25,2022
20220827,2022-08-27,2022
20220829,2022-08-29,2022
20220831,2022-08-31,2022
20220902,2022-09-02,2022
20220904,2022-09-04,2022
20220906,2022-09-06,2022
20220908,2022-09-08,2022
20220910,2022-09-10,2022
20220912,2022-09-12,2022
20220914,2022-09-14,2022
20220916,2022-09-16,2022
20220918,2022-09-18,2022
20220920,2022-09-20,2022
20220922,2022-09-22,2022
20220924,2022-09-24,2022
20220926,2022-09-26,2022
20220928,2022-09-28,2022
20220930,2022-09-30,2022
20221002,2022-10-02,2022
20221004,2022-10-04,2022
20221006,2022-10-06,2022
20221008,2022-10-08,2022
20221010,2022-10-10,2022
20221012,2022-10-12,2022
20221014,2022-10-14,2022
20221016,2022-10-16,2022
20221018,2022-10-18,2022
20221020,2022-10-20,2022
20221022,2022-10-22,2022
20221024,2022-10-24,2022
20221026,2022-10-26,2022
20221028,2022-10-28,2022
20221030,2022-10-30,2022
20221101,2022-11-01,2022
20221103,2022-11-03,2022
20221105,2022-11-05,2022
20221107,2022-11-07,2022
20221109,2022-11-09,2022
20221111,2022-11-11,2022
20221113,2022-11-13,2022
20221115,2022-11-15,2022
20221117,2022-11-17,2022
20221119,2022-11-19,2022
20221121,2022-11-21,2022
20221123,2022-11-23,2022
20221125,2022-11-25,2022
20221127,2022-11-27,2022
20221129,2022-11-29,2022
20221201,2022-12-01,2022
20221203,2022-12-03,2022
20221205,2022-12-05,2022
20221207,2022-12-07,2022
20221209,2022-12-09,2022
20221211,2022-12-11,2022
20221213,2022-12-13,2022
20221215,2022-12-15,2022
20221217,2022-12-17,2022
20221219,2022-12-19,2022
20221221,2022-12-21,2022
20221223,2022-12-23,2022
20221225,2022-12-25,2022
20221227,2022-12-27,2022
20221229,2022-12-29,2022
20221231,2022-12-31,2022
20230102,2023-01-02,2023
20230104,2023-01-04,2023
20230106,2023-01-06,2023
20230108,2023-01-08,2023
20230110,2023-01-10,2023
20230112,2023-01-12,2023
20230114,2023-01-14,2023
20230116,2023-01-16,2023
20230118,2023-01-18,2023
20230120,2023-01-20,2023
20230122,2023-01-22,2023
20230124,2023-01-24,2023
20230126,2023-01-26,2023
20230128,2023-01-28,2023
20230130,2023-01-30,2023
20230201,2023-02-01,2023
20230203,2023-02-03,2023
20230205,2023-02-05,2023
20230207,2023-02-07,2023
20230209,2023-02-09,2023
20230211,2023-02-11,2023
20230213,2023-02-13,2023
20230215,2023-02-15,2023
20230217,2023-02-17,2023
20230219,2023-02-19,2023
20230221,2023-02-21,2023
20230223,2023-02-23,2023
20230225,2023-02-25,2023
20230227,2023-02-27,2023
20230301,2023-03-01,2023
20230303,2023-03-03,2023
20230305,2023-03-05,2023
20230307,2023-03-07,2023
20230309,2023-03-09,2023
20230311,2023-03-11,2023
20230313,2023-03-13,2023
20230315,2023-03-15,2023
20230317,2023-03-17,2023
20230319,2023-03-19,2023
20230321,2023-03-21,2023
20230323,2023-03-23,2023
20230325,2023-03-25,2023
20230327,2023-03-27,2023
20230329,2023-03-29,2023
20230331,2023-03-31,2023
20230402,2023-04-02,2023
20230404,2023-04-04,2023
20230406,2023-04-06,2023
20230408,2023-04-08,2023
20230410,2023-04-10,2023
20230412,2023-04-12,2023
20230414,2023-04-14,2023
20230416,2023-04-16,2023
20230418,2023-04-18,2023
20230420,2023-04-20,2023
20230422,2023-04-22,2023
20230424,2023-04-24,2023
20230426,2023-04-26,2023
20230428,2023-04-28,2023
20230430,2023-04-30,2023
20230502,2023-05-02,2023
20230504,2023-05-04,2023
20230506,2023-05-06,2023
20230508,2023-05-08,2023
20230510,2023-05-10,2023
20230512,2023-05-12,2023
20230514,2023-05-14,2023
20230516,2023-05-16,2023
20230518,2023-05-18,2023
20230520,2023-05-20,2023
20230522,2023-05-22,2023
20230524,2023-05-24,2023
20230526,2023-05-26,2023
20230528,2023-05-28,2023
20230530,2023-05-30,2023
20230601,2023-06-01,2023
20230603,2023-06-03,2023
20230605,2023-06-05,2023
20230607,2023-06-07,2023
20230609,2023-06-09,2023
20230611,2023-06-11,2023
20230613,2023-06-13,2023
20230615,2023-06-15,2023
20230617,2023-06-17,2023
20230619,2023-06-19,2023
20230621,2023-06-21,2023
20230623,2023-06-23,2023
20230625,2023-06-25,2023
20230627,2023-06-27,2023
20230629,2023-06-29,2023
20230701,2023-07-01,2023
20230703,2023-07-03,2023
20230705,2023-07-05,2023
20230707,2023-07-07,2023
20230709,2023-07-09,2023
20230711,2023-07-11,2023
20230713,2023-07-13,2023
20230715,2023-07-15,2023
20230717,2023-07-17,2023
20230719,2023-07-19,2023
20230721,2023-07-21,2023
20230723,2023-07-23,2023
20230725,2023-07-25,2023
20230727,2023-07-27,2023
20230729,2023-07-29,2023
20230731,2023-07-31,2023
20230802,2023-08-02,2023
20230804,2023-08-04,2023
20230806,2023-08-06,2023
20230808,2023-08-08,2023
20230810,2023-08-10,2023
20230812,2023-08-12,2023
20230814,2023-08-14,2023
20230816,2023-08-16,2023
20230818,2023-08-18,2023
20230820,2023-08-20,2023
20230822,2023-08-22,2023
20230824,2023-08-24,2023
20230826,2023-08-26,2023
20230828,2023-08-28,2023
20230830,2023-08-30,2023
20230901,2023-09-01,2023
20230903,2023-09-03,2023
20230905,2023-09-05,2023
20230907,2023-09-07,2023
20230909,2023-09-09,2023
20230911,2023-09-11,2023
20230913,2023-09-13,2023
20230915,2023-09-15,2023
20230917,2023-09-17,2023
20230919,2023-09-19,2023
20230921,2023-09-21,2023
20230923,2023-09-23,2023
20230925,2023-09-25,2023
20230927,2023-09-27,2023
20230929,2023-09-29,2023
20231001,2023-10-01,2023
20231003,2023-10-03,2023
20231005,2023-10-05,2023
20231007,2023-10-07,2023
20231009,2023-10-09,2023
20231011,2023-10-11,2023
20231013,2023-10-13,2023
20231015,2023-10-15,2023
20231017,2023-10-17,2023
20231019,2023-10-19,2023
20231021,2023-10-21,2023
20231023,2023-10-23,2023
20231025,2023-10-25,2023
20231027,2023-10-27,2023
20231029,2023-10-29,2023
20231031,2023-10-31,2023
20231102,2023-11-02,2023
20231104,2023-11-04,2023
20231106,2023-11-06,2023
20231108,2023-11-08,2023
20231110,2023-11-10,2023
20231112,2023-11-12,2023
20231114,2023-11-14,2023
20231116,2023-11-16,2023
20231118,2023-11-18,2023
20231120,2023-11-20,2023
20231122,2023-11-22,2023
20231124,2023-11-24,2023
20231126,2023-11-26,2023
20231128,2023-11-28,2023
20231130,2023-11-30,2023
20231202,2023-12-02,2023
20231204,2023-12-04,2023
20231206,2023-12-06,2023
20231208,2023-12-08,2023
20231210,2023-12-10,2023
20231212,2023-12-12,2023
20231214,2023-12-14,2023
20231216,2023-12-16,2023
20231218,2023-12-18,2023
20231220,2023-12-20,2023
20231222,2023-12-22,2023
20231224,2023-12-24,2023
20231226,2023-12-26,2023
20231228,2023-12-28,2023
20231230,2023-12-30,2023
20240101,2024-01-01,2024
20240103,2024-01-03,2024
20240105,2024-01-05,2024
20240107,2024-01-07,2024
20240109,2024-01-09,2024
20240111,2024-01-11,2024
20240113,2024-01-13,2024
20240115,2024-01-15,2024
20240117,2024-01-17,2024
20240119,2024-01-19,2024
20240121,2024-01-21,2024
20240123,2024-01-23,2024
20240125,2024-01-25,2024
20240127,2024-01-27,2024
20240129,2024-01-29,2024
20240131,2024-01-31,2024
20240202,2024-02-02,2024
20240204,2024-02-04,2024
20240206,2024-02-06,2024
20240208,2024-02-08,2024
20240210,2024-02-10,2024
20240212,2024-02-12,2024
20240214,2024-02-14,2024
20240216,2024-02-16,2024
20240218,2024-02-18,2024
20240220,2024-02-20,2024
20240222,2024-02-22,2024
20240224,2024-02-24,2024
20240226,2024-02-26,2024
20240228,2024-02-28,2024
20240301,2024-03-01,2024
20240303,2024-03-03,2024
20240305,2024-03-05,2024
20240307,2024-03-07,2024
20240309,2024-03-09,2024
20240311,2024-03-11,2024
20240313,2024-03-13,2024
20240315,2024-03-15,2024
20240317,2024-03-17,2024
20240319,2024-03-19,2024
20240321,2024-03-21,2024
20240323,2024-03-23,2024
20240325,2024-03-25,2024
20240327,2024-03-27,2024
20240329,2024-03-29,2024
20240331,2024-03-31,2024
20240402,2024-04-02,2024
20240404,2024-04-04,2024
20240406,2024-04-06,2024
20240408,2024-04-08,2024
20240410,2024-04-10,2024
20240412,2024-04-12,2024
20240414,2024-04-14,2024
20240416,2024-04-16,2024
20240418,2024-04-18,2024
20240420,2024-04-20,2024
20240422,2024-04-22,2024
20240424,2024-04-24,2024
20240426,2024-04-26,2024
20240428,2024-04-28,2024
20240430,2024-04-30,2024
20240502,2024-05-02,2024
20240504,2024-05-04,2024
20240506,2024-05-06,2024
20240508,2024-05-08,2024
20240510,2024-05-10,2024
20240512,2024-05-12,2024
20240514,2024-05-14,2024
20240516,2024-05-16,2024
20240518,2024-05-18,2024
20240520,2024-05-20,2024
20240522,2024-05-22,2024
20240524,2024-05-24,2024
20240526,2024-05-26,2024
20240528,2024-05-28,2024
20240530,2024-05-30,2024
20240601,2024-06-01,2024
20240603,2024-06-03,2024
20240605,2024-06-05,2024
20240607,2024-06-07,2024
20240609,2024-06-09,2024
20240611,2024-06-11,2024
20240613,2024-06-13,2024
20240615,2024-06-15,2024
20240617,2024-06-17,2024
20240619,2024-06-19,2024
20240621,2024-06-21,2024
20240623,2024-06-23,2024
20240625,2024-06-25,2024
20240627,2024-06-27,2024
20240629,2024-06-29,2024
20240701,2024-07-01,2024
20240703,2024-07-03,2024
20240705,2024-07-05,2024
20240707,2024-07-07,2024
20240709,2024-07-09,2024
20240711,2024-07-11,2024
20240713,2024-07-13,2024
20240715,2024-07-15,2024
20240717,2024-07-17,2024
20240719,2024-07-19,2024
20240721,2024-07-21,2024
20240723,2024-07-23,2024
20240725,2024-07-25,2024
20240727,2024-07-27,2024
20240729,2024-07-29,2024
20240731,2024-07-31,2024
20240802,2024-08-02,2024
20240804,2024-08-04,2024
20240806,2024-08-06,2024
20240808,2024-08-08,2024
20240810,2024-08-10,2024
20240812,2024-08-12,2024
20240814,2024-08-14,2024
20240816,2024-08-16,2024
20240818,2024-08-18,2024
20240820,2024-08-20,2024
20240822,2024-08-22,2024
20240824,2024-08-24,2024
20240826,2024-08-26,2024
20240828,2024-08-28,2024
20240830,2024-08-30,2024
20240901,2024-09-01,2024
20240903,2024-09-03,2024
20240905,2024-09-05,2024
20240907,2024-09-07,2024
20240909,2024-09-09,2024
20240911,2024-09-11,2024
20240913,2024-09-13,2024
20240915,2024-09-15,2024
20240917,2024-09-17,2024
20240919,2024-09-19,2024
20240921,2024-09-21,2024
20240923,2024-09-23,2024
20240925,2024-09-25,2024
20240927,2024-09-27,2024
20240929,2024-09-29,2024
20241001,2024-10-01,2024
20241003,2024-10-03,2024
20241005,2024-10-05,2024
20241007,2024-10-07,2024
20241009,2024-10-09,2024
20241011,2024-10-11,2024
20241013,2024-10-13,2024
20241015,2024-10-15,2024
20241017,2024-10-17,2024
20241019,2024-10-19,2024
20241021,2024-10-21,2024
20241023,2024-10-23,2024
20241025,2024-10-25,2024
20241027,2024-10-27,2024
20241029,2024-10-29,2024
20241031,2024-10-31,2024
20241102,2024-11-02,2024
20241104,2024-11-04,2024
20241106,2024-11-06,2024
20241108,2024-11-08,2024
20241110,2024-11-10,2024
20241112,2024-11-12,2024
20241114,2024-11-14,2024
20241116,2024-11-16,2024
20241118,2024-11-18,2024
20241120,2024-11-20,2024
20241122,2024-11-22,2024
20241124,2024-11-24,2024
20241126,2024-11-26,2024
20241128,2024-11-28,2024
20241130,2024-11-30,2024
20241202,2024-12-02,2024
20241204,2024-12-04,2024
20241206,2024-12-06,2024
20241208,2024-12-08,2024
20241210,2024-12-10,2024
20241212,2024-12-12,2024
20241214,2024-12-14,2024
20241216,2024-12-16,2024
20241218,2024-12-18,2024
20241220,2024-12-20,2024
20241222,2024-12-22,2024
20241224,2024-12-24,2024
20241226,2024-12-26,2024
20241228,2024-12-28,2024
20241230,2024-12-30,2024
20250101,2025-01-01,2025
20250103,2025-01-03,2025
20250105,2025-01-05,2025
20250107,2025-01-07,2025
20250109,2025-01-09,2025
20250111,2025-01-11,2025
20250113,2025-01-13,2025
20250115,2025-01-15,2025
20250117,2025-01-17,2025
20250119,2025-01-19,2025
20250121,2025-01-21,2025
20250123,2025-01-23,2025
20250125,2025-01-25,2025
20250127,2025-01-27,2025
20250129,2025-01-29,2025
20250131,2025-01-31,2025
20250202,2025-02-02,2025
20250204,2025-02-04,2025
20250206,2025-02-06,2025
20250208,2025-02-08,2025
20250210,2025-02-10,2025
20250212,2025-02-12,2025
20250214,2025-02-14,2025
20250216,2025-02-16,2025
20250218,2025-02-18,2025
20250220,2025-02-20,2025
20250222,2025-02-22,2025
20250224,2025-02-24,2025
20250226,2025-02-26,2025
20250228,2025-02-28,2025
20250302,2025-03-02,2025
20250304,2025-03-04,2025
20250306,2025-03-06,2025
20250308,2025-03-08,2025
20250310,2025-03-10,2025
20250312,2025-03-12,2025
20250314,2025-03-14,2025
20250316,2025-03-16,2025
20250318,2025-03-18,2025
20250320,2025-03-20,2025
20250322,2025-03-22,2025
20250324,2025-03-24,2025
20250326,2025-03-26,2025
20250328,2025-03-28,2025
20250330,2025-03-30,2025
20250401,2025-04-01,2025
20250403,2025-04-03,2025
20250405,2025-04-05,2025
20250407,2025-04-07,2025
20250409,2025-04-09,2025
20250411,2025-04-11,2025
20250413,2025-04-13,2025
20250415,2025-04-15,2025
20250417,2025-04-17,2025
20250419,2025-04-19,2025
20250421,2025-04-21,2025
20250423,2025-04-23,2025
20250425,2025-04-25,2025
20250427,2025-04-27,2025
20250429,2025-04-29,2025
20250501,2025-05-01,2025
20250503,2025-05-03,2025
20250505,2025-05-05,2025
20250507,2025-05-07,2025
20250509,2025-05-09,2025
20250511,2025-05-11,2025
20250513,2025-05-13,2025
20250515,2025-05-15,2025
20250517,2025-05-17,2025
20250519,2025-05-19,2025
20250521,2025-05-21,2025
20250523,2025-05-23,2025
20250525,2025-05-25,2025
20250527,2025-05-27,2025
20250529,2025-05-29,2025
20250531,2025-05-31,2025
20250602,2025-06-02,2025
20250604,2025-06-04,2025
20250606,2025-06-06,2025
20250608,2025-06-08,2025
20250610,2025-06-10,2025
20250612,2025-06-12,2025
20250614,2025-06-14,2025
20250616,2025-06-16,2025
20250618,2025-06-18,2025
20250620,2025-06-20,2025
20250622,2025-06-22,2025
20250624,2025-06-24,2025
20250626,2025-06-26,2025
20250628,2025-06-28,2025
20250630,2025-06-30,2025
20250702,2025-07-02,2025
20250704,2025-07-04,2025
20250706,2025-07-06,2025
20250708,2025-07-08,2025
20250710,2025-07-10,2025
20250712,2025-07-12,2025
20250714,2025-07-14,2025
20250716,2025-07-16,2025
20250718,2025-07-18,2025
20250720,2025-07-20,2025
20250722,2025-07-22,2025
20250724,2025-07-24,2025
20250726,2025-07-26,2025
20250728,2025-07-28,2025
20250730,2025-07-30,2025
20250801,2025-08-01,2025
20250803,2025-08-03,2025
20250805,2025-08-05,2025
20250807,2025-08-07,2025
20250809,2025-08-09,2025
20250811,2025-08-11,2025
20250813,2025-08-13,2025
20250815,2025-08-15,2025
20250817,2025-08-17,2025
20250819,2025-08-19,2025
20250821,2025-08-21,2025
20250823,2025-08-23,2025
20250825,2025-08-25,2025
20250827,2025-08-27,2025
20250829,2025-08-29,2025
20250831,2025-08-31,2025
20250902,2025-09-02,2025
20250904,2025-09-04,2025
20250906,2025-09-06,2025
20250908,2025-09-08,2025
20250910,2025-09-10,2025
20250912,2025-09-12,2025
20250914,2025-09-14,2025
20250916,2025-09-16,2025
20250918,2025-09-18,2025
20250920,2025-09-20,2025
20250922,2025-09-22,2025
20250924,2025-09-24,2025
20250926,2025-09-26,2025
20250928,2025-09-28,2025
20250930,2025-09-30,2025
20251002,2025-10-02,2025
20251004,2025-10-04,2025
20251006,2025-10-06,2025
20251008,2025-10-08,2025
20251010,2025-10-10,2025
20251012,2025-10-12,2025
20251014,2025-10-14,2025
20251016,2025-10-16,2025
20251018,2025-10-18,2025
20251020,2025-10-20,2025
20251022,2025-10-22,2025
20251024,2025-10-24,2025
20251026,2025-10-26,2025
20251028,2025-10-28,2025
20251030,2025-10-30,2025
20251101,2025-11-01,2025
20251103,2025-11-03,2025
20251105,2025-11-05,2025
20251107,2025-11-07,2025
20251109,2025-11-09,2025
20251111,2025-11-11,2025
20251113,2025-11-13,2025
20251115,2025-11-15,2025
20251117,2025-11-17,2025
20251119,2025-11-19,2025
20251121,2025-11-21,2025
20251123,2025-11-23,2025
20251125,2025-11-25,2025
20251127,2025-11-27,2025
20251129,2025-11-29,2025
20251201,2025-12-01,2025
20251203,2025-12-03,2025
20251205,2025-12-05,2025
20251207,2025-12-07,2025
20251209,2025-12-09,2025
20251211,2025-12-11,2025
20251213,2025-12-13,2025
20251215,2025-12-15,2025
20251217,2025-12-17,2025
20251219,2025-12-19,2025
20251221,2025-12-21,2025
20251223,2025-12-23,2025
20251225,2025-12-25,2025
20251227,2025-12-27,2025
20251229,2025-12-29,2025
20251231,2025-12-31,2025
20260102,2026-01-02,2026
20260104,2026-01-04,2026
20260106,2026-01-06,2026
20260108,2026-01-08,2026
20260110,2026-01-10,2026
20260112,2026-01-12,2026
20260114,2026-01-14,2026
20260116,2026-01-16,2026
20260118,2026-01-18,2026
20260120,2026-01-20,2026
20260122,2026-01-22,2026
20260124,2026-01-24,2026
20260126,2026-01-26,2026
20260128,2026-01-28,2026
20260130,2026-01-30,2026
20260201,2026-02-01,2026
20260203,2026-02-03,2026
20260205,2026-02-05,2026
20260207,2026-02-07,2026
20260209,2026-02-09,2026
20260211,2026-02-11,2026
20260213,2026-02-13,2026
20260215,2026-02-15,2026
20260217,2026-02-17,2026
20260219,2026-02-19,2026
20260221,2026-02-21,2026
20260223,2026-02-23,2026
20260225,2026-02-25,2026
20260227,2026-02-27,2026
20260301,2026-03-01,2026
20260303,2026-03-03,2026
20260305,2026-03-05,2026
20260307,2026-03-07,2026
20260309,2026-03-09,2026
20260311,2026-03-11,2026
20260313,2026-03-13,2026
20260315,2026-03-15,2026
20260317,2026-03-17,2026
20260319,2026-03-19,2026
20260321,2026-03-21,2026
20260323,2026-03-23,2026
20260325,2026-03-25,2026
20260327,2026-03-27,2026
20260329,2026-03-29,2026
20260331,2026-03-31,2026
20260402,2026-04-02,2026
20260404,2026-04-04,2026
20260406,2026-04-06,2026
20260408,2026-04-08,2026
20260410,2026-04-10,2026
20260412,2026-04-12,2026
20260414,2026-04-14,2026
20260416,2026-04-16,2026
20260418,2026-04-18,2026
20260420,2026-04-20,2026
20260422,2026-04-22,2026
20260424,2026-04-24,2026
20260426,2026-04-26,2026
20260428,2026-04-28,2026
20260430,2026-04-30,2026
20260502,2026-05-02,2026
20260504,2026-05-04,2026
20260506,2026-05-06,2026
20260508,2026-05-08,2026
20260510,2026-05-10,2026
20260512,2026-05-12,2026
20260514,2026-05-14,2026
20260516,2026-05-16,2026
20260518,2026-05-18,2026
20260520,2026-05-20,2026
20260522,2026-05-22,2026
20260524,2026-05-24,2026
20260526,2026-05-26,2026
20260528,2026-05-28,2026
20260530,2026-05-30,2026
20260601,2026-06-01,2026
20260603,2026-06-03,2026
20260605,2026-06-05,2026
20260607,2026-06-07,2026
20260609,2026-06-09,2026
20260611,2026-06-11,2026
20260613,2026-06-13,2026
20260615,2026-06-15,2026
20260617,2026-06-17,2026
20260619,2026-06-19,2026
20260621,2026-06-21,2026
20260623,2026-06-23,2026
20260625,2026-06-25,2026
20260627,2026-06-27,2026
20260629,2026-06-29,2026
20260701,2026-07-01,2026
20260703,2026-07-03,2026
20260705,2026-07-05,2026
20260707,2026-07-07,2026
20260709,2026-07-09,2026
20260711,2026-07-11,2026
20260713,2026-07-13,2026
20260715,2026-07-15,2026
20260717,2026-07-17,2026
20260719,2026-07-19,2026
20260721,2026-07-21,2026
20260723,2026-07-23,2026
20260725,2026-07-25,2026
20260727,2026-07-27,2026
20260729,2026-07-29,2026
20260731,2026-07-31,2026
20260802,2026-08-02,2026
20260804,2026-08-04,2026
20260806,2026-08-06,2026
20260808,2026-08-08,2026
20260810,2026-08-10,2026
20260812,2026-08-12,2026
20260814,2026-08-14,2026
20260816,2026-08-16,2026
20260818,2026-08-18,2026
20260820,2026-08-20,2026
20260822,2026-08-22,2026
20260824,2026-08-24,2026
20260826,2026-08-26,2026
20260828,2026-08-28,2026
20260830,2026-08-30,2026
20260901,2026-09-01,2026
20260903,2026-09-03,2026
20260905,2026-09-05,2026
20260907,2026-09-07,2026
20260909,2026-09-09,2026
20260911,2026-09-11,2026
20260913,2026-09-13,2026
20260915,2026-09-15,2026
20260917,2026-09-17,2026
20260919,2026-09-19,2026
20260921,2026-09-21,2026
20260923,2026-09-23,2026
20260925,2026-09-25,2026
20260927,2026-09-27,2026
20260929,2026-09-29,2026
20261001,2026-10-01,2026
20261003,2026-10-03,2026
20261005,2026-10-05,2026
20261007,2026-10-07,2026
20261009,2026-10-09,2026
20261011,2026-10-11,2026
20261013,2026-10-13,2026
20261015,2026-10-15,2026
20261017,2026-10-17,2026
20261019,2026-10-19,2026
20261021,2026-10-21,2026
20261023,2026-10-23,2026
20261025,2026-10-25,2026
20261027,2026-10-27,2026
20261029,2026-10-29,2026
20261031,2026-10-31,2026
20261102,2026-11-02,2026
20261104,2026-11-04,2026
20261106,2026-11-06,2026
20261108,2026-11-08,2026
20261110,2026-11-10,2026
20261112,2026-11-12,2026
20261114,2026-11-14,2026
20261116,2026-11-16,2026
20261118,2026-11-18,2026
20261120,2026-11-20,2026
20261122,2026-11-22,2026
20261124,2026-11-24,2026
20261126,2026-11-26,2026
20261128,2026-11-28,2026
20261130,2026-11-30,2026
20261202,2026-12-02,2026
20261204,2026-12-04,2026
20261206,2026-12-06,2026
20261208,2026-12-08,2026
20261210,2026-12-10,2026
20261212,2026-12-12,2026
20261214,2026-12-14,2026
20261216,2026-12-16,2026
20261218,2026-12-18,2026
20261220,2026-12-20,2026
20261222,2026-12-22,2026
20261224,2026-12-24,2026
20261226,2026-12-26,2026
20261228,2026-12-28,2026
20261230,2026-12-30,2026
20270101,2027-01-01,2027
20270103,2027-01-03,2027
20270105,2027-01-05,2027
20270107,2027-01-07,2027
20270109,2027-01-09,2027
20270111,2027-01-11,2027
20270113,2027-01-13,2027
20270115,2027-01-15,2027
20270117,2027-01-17,2027
20270119,2027-01-19,2027
20270121,2027-01-21,2027
20270123,2027-01-23,2027
20270125,2027-01-25,2027
20270127,2027-01-27,2027
20270129,2027-01-29,2027
20270131,2027-01-31,2027
20270202,2027-02-02,2027
20270204,2027-02-04,2027
20270206,2027-02-06,2027
20270208,2027-02-08,2027
20270210,2027-02-10,2027
20270212,2027-02-12,2027
20270214,2027-02-14,2027
20270216,2027-02-16,2027
20270218,2027-02-18,2027
20270220,2027-02-20,2027
20270222,2027-02-22,2027
20270224,2027-02-24,2027
20270226,2027-02-26,2027
20270228,2027-02-28,2027
20270302,2027-03-02,2027
20270304,2027-03-04,2027
20270306,2027-03-06,2027
20270308,2027-03-08,2027
20270310,2027-03-10,2027
20270312,2027-03-12,2027
20270314,2027-03-14,2027
20270316,2027-03-16,2027
20270318,2027-03-18,2027
20270320,2027-03-20,2027
20270322,2027-03-22,2027
20270324,2027-03-24,2027
20270326,2027-03-26,2027
20270328,2027-03-28,2027
20270330,2027-03-30,2027
20270401,2027-04-01,2027
20270403,2027-04-03,2027
20270405,2027-04-05,2027
20270407,2027-04-07,2027
20270409,2027-04-09,2027
20270411,2027-04-11,2027
20270413,2027-04-13,2027
20270415,2027-04-15,2027
20270417,2027-04-17,2027
20270419,2027-04-19,2027
20270421,2027-04-21,2027
20270423,2027-04-23,2027
20270425,2027-04-25,2027
20270427,2027-04-27,2027
20270429,2027-04-29,2027
20270501,2027-05-01,2027
20270503,2027-05-03,2027
20270505,2027-05-05,2027
20270507,2027-05-07,2027
20270509,2027-05-09,2027
20270511,2027-05-11,2027
20270513,2027-05-13,2027
20270515,2027-05-15,2027
20270517,2027-05-17,2027
20270519,2027-05-19,2027
20270521,2027-05-21,2027
20270523,2027-05-23,2027
20270525,2027-05-25,2027
20270527,2027-05-27,2027
20270529,2027-05-29,2027
20270531,2027-05-31,2027
20270602,2027-06-02,2027
20270604,2027-06-04,2027
20270606,2027-06-06,2027
20270608,2027-06-08,2027
20270610,2027-06-10,2027
20270612,2027-06-12,2027
20270614,2027-06-14,2027
20270616,2027-06-16,2027
20270618,2027-06-18,2027
20270620,2027-06-20,2027
20270622,2027-06-22,2027
20270624,2027-06-24,2027
20270626,2027-06-26,2027
20270628,2027-06-28,2027
20270630,2027-06-30,2027
20270702,2027-07-02,2027
20270704,2027-07-04,2027
20270706,2027-07-06,2027
20270708,2027-07-08,2027
20270710,2027-07-10,2027
20270712,2027-07-12,2027
20270714,2027-07-14,2027
20270716,2027-07-16,2027
20270718,2027-07-18,2027
20270720,2027-07-20,2027
20270722,2027-07-22,2027
20270724,2027-07-24,2027
20270726,2027-07-26,2027
20270728,2027-07-28,2027
20270730,2027-07-30,2027
20270801,2027-08-01,2027
20270803,2027-08-03,2027
20270805,2027-08-05,2027
20270807,2027-08-07,2027
20270809,2027-08-09,2027
20270811,2027-08-11,2027
20270813,2027-08-13,2027
20270815,2027-08-15,2027
20270817,2027-08-17,2027
20270819,2027-08-19,2027
20270821,2027-08-21,2027
20270823,2027-08-23,2027
20270825,2027-08-25,2027
20270827,2027-08-27,2027
20270829,2027-08-29,2027
20270831,2027-08-31,2027
20270902,2027-09-02,2027
20270904,2027-09-04,2027
20270906,2027-09-06,2027
20270908,2027-09-08,2027
20270910,2027-09-10,2027
20270912,2027-09-12,2027
20270914,2027-09-14,2027
20270916,2027-09-16,2027
20270918,2027-09-18,2027
20270920,2027-09-20,2027
20270922,2027-09-22,2027
20270924,2027-09-24,2027
20270926,2027-09-26,2027
20270928,2027-09-28,2027
20270930,2027-09-30,2027
20271002,2027-10-02,2027
20271004,2027-10-04,2027
20271006,2027-10-06,2027
20271008,2027-10-08,2027
20271010,2027-10-10,2027
20271012,2027-10-12,2027
20271014,2027-10-14,2027
20271016,2027-10-16,2027
20271018,2027-10-18,2027
20271020,2027-10-20,2027
20271022,2027-10-22,2027
20271024,2027-10-24,2027
20271026,2027-10-26,2027
20271028,2027-10-28,2027
20271030,2027-10-30,2027
20271101,2027-11-01,2027
20271103,2027-11-03,2027
20271105,2027-11-05,2027
20271107,2027-11-07,2027
20271109,2027-11-09,2027
20271111,2027-11-11,2027
20271113,2027-11-13,2027
20271115,2027-11-15,2027
20271117,2027-11-17,2027
20271119,2027-11-19,2027
20271121,2027-11-21,2027
20271123,2027-11-23,2027
20271125,2027-11-25,2027
20271127,2027-11-27,2027
20271129,2027-11-29,2027
20271201,2027-12-01,2027
20271203,2027-12-03,2027
20271205,2027-12-05,2027
20271207,2027-12-07,2027
20271209,2027-12-09,2027
20271211,2027-12-11,2027
20271213,2027-12-13,2027
20271215,2027-12-15,2027
20271217,2027-12-17,2027
20271219,2027-12-19,2027
20271221,2027-12-21,2027
20271223,2027-12-23,2027
20271225,2027-12-25,2027
20271227,2027-12-27,2027
20271229,2027-12-29,2027
20271231,2027-12-31,2027
20280102,2028-01-02,2028
20280104,2028-01-04,2028
20280106,2028-01-06,2028
20280108,2028-01-08,2028
20280110,2028-01-10,2028
20280112,2028-01-12,2028
20280114,2028-01-14,2028
20280116,2028-01-16,2028
20280118,2028-01-18,2028
20280120,2028-01-20,2028
20280122,2028-01-22,2028
20280124,2028-01-24,2028
20280126,2028-01-26,2028
20280128,2028-01-28,2028
20280130,2028-01-30,2028
20280201,2028-02-01,2028
20280203,2028-02-03,2028
20280205,2028-02-05,2028
20280207,2028-02-07,2028
20280209,2028-02-09,2028
20280211,2028-02-11,2028
20280213,2028-02-13,2028
20280215,2028-02-15,2028
20280217,2028-02-17,2028
20280219,2028-02-19,2028
20280221,2028-02-21,2028
20280223,2028-02-23,2028
20280225,2028-02-25,2028
20280227,2028-02-27,2028
20280229,2028-02-29,2028
20280302,2028-03-02,2028
20280304,2028-03-04,2028
20280306,2028-03-06,2028
20280308,2028-03-08,2028
20280310,2028-03-10,2028
20280312,2028-03-12,2028
20280314,2028-03-14,2028
20280316,2028-03-16,2028
20280318,2028-03-18,2028
20280320,2028-03-20,2028
20280322,2028-03-22,2028
20280324,2028-03-24,2028
20280326,2028-03-26,2028
20280328,2028-03-28,2028
20280330,2028-03-30,2028
20280401,2028-04-01,2028
20280403,2028-04-03,2028
20280405,2028-04-05,2028
20280407,2028-04-07,2028
20280409,2028-04-09,2028
20280411,2028-04-11,2028
20280413,2028-04-13,2028
20280415,2028-04-15,2028
20280417,2028-04-17,2028
20280419,2028-04-19,2028
20280421,2028-04-21,2028
20280423,2028-04-23,2028
20280425,2028-04-25,2028
20280427,2028-04-27,2028
20280429,2028-04-29,2028
20280501,2028-05-01,2028
20280503,2028-05-03,2028
20280505,2028-05-05,2028
20280507,2028-05-07,2028
20280509,2028-05-09,2028
20280511,2028-05-11,2028
20280513,2028-05-13,2028
20280515,2028-05-15,2028
20280517,2028-05-17,2028
20280519,2028-05-19,2028
20280521,2028-05-21,2028
20280523,2028-05-23,2028
20280525,2028-05-25,2028
20280527,2028-05-27,2028
20280529,2028-05-29,2028
20280531,2028-05-31,2028
20280602,2028-06-02,2028
20280604,2028-06-04,2028
20280606,2028-06-06,2028
20280608,2028-06-08,2028
20280610,2028-06-10,2028
20280612,2028-06-12,2028
20280614,2028-06-14,2028
20280616,2028-06-16,2028
20280618,2028-06-18,2028
20280620,2028-06-20,2028
20280622,2028-06-22,2028
20280624,2028-06-24,2028
20280626,2028-06-26,2028
20280628,2028-06-28,2028
20280630,2028-06-30,2028
20280702,2028-07-02,2028
20280704,2028-07-04,2028
20280706,2028-07-06,2028
20280708,2028-07-08,2028
20280710,2028-07-10,2028
20280712,2028-07-12,2028
20280714,2028-07-14,2028
20280716,2028-07-16,2028
20280718,2028-07-18,2028
20280720,2028-07-20,2028
20280722,2028-07-22,2028
20280724,2028-07-24,2028
20280726,2028-07-26,2028
20280728,2028-07-28,2028
20280730,2028-07-30,2028
20280801,2028-08-01,2028
20280803,2028-08-03,2028
20280805,2028-08-05,2028
20280807,2028-08-07,2028
20280809,2028-08-09,2028
20280811,2028-08-11,2028
20280813,2028-08-13,2028
20280815,2028-08-15,2028
20280817,2028-08-17,2028
20280819,2028-08-19,2028
20280821,2028-08-21,2028
20280823,2028-08-23,2028
20280825,2028-08-25,2028
20280827,2028-08-27,2028
20280829,2028-08-29,2028
20280831,2028-08-31,2028
20280902,2028-09-02,2028
20280904,2028-09-04,2028
20280906,2028-09-06,2028
20280908,2028-09-08,2028
20280910,2028-09-10,2028
20280912,2028-09-12,2028
20280914,2028-09-14,2028
20280916,2028-09-16,2028
20280918,2028-09-18,2028
20280920,2028-09-20,2028
20280922,2028-09-22,2028
20280924,2028-09-24,2028
20280926,2028-09-26,2028
20280928,2028-09-28,2028
20280930,2028-09-30,2028
20281002,2028-10-02,2028
20281004,2028-10-04,2028
20281006,2028-10-06,2028
20281008,2028-10-08,2028
20281010,2028-10-10,2028
20281012,2028-10-12,2028
20281014,2028-10-14,2028
20281016,2028-10-16,2028
20281018,2028-10-18,2028
20281020,2028-10-20,2028
20281022,2028-10-22,2028
20281024,2028-10-24,2028
20281026,2028-10-26,2028
20281028,2028-10-28,2028
20281030,2028-10-30,2028
20281101,2028-11-01,2028
20281103,2028-11-03,2028
20281105,2028-11-05,2028
20281107,2028-11-07,2028
20281109,2028-11-09,2028
20281111,2028-11-11,2028
20281113,2028-11-13,2028
20281115,2028-11-15,2028
20281117,2028-11-17,2028
20281119,2028-11-19,2028
20281121,2028-11-21,2028
20281123,2028-11-23,2028
20281125,2028-11-25,2028
20281127,2028-11-27,2028
20281129,2028-11-29,2028
20281201,2028-12-01,2028
20281203,2028-12-03,2028
20281205,2028-12-05,2028
20281207,2028-12-07,2028
20281209,2028-12-09,2028
20281211,2028-12-11,2028
20281213,2028-12-13,2028
20281215,2028-12-15,2028
20281217,2028-12-17,2028
20281219,2028-12-19,2028
20281221,2028-12-21,2028
20281223,2028-12-23,2028
20281225,2028-12-25,2028
20281227,2028-12-27,2028
20281229,2028-12-29,2028
20281231,2028-12-31,2028
20290102,2029-01-02,2029
20290104,2029-01-04,2029
20290106,2029-01-06,2029
20290108,2029-01-08,2029
20290110,2029-01-10,2029
20290112,2029-01-12,2029
20290114,2029-01-14,2029
20290116,2029-01-16,2029
20290118,2029-01-18,2029
20290120,2029-01-20,2029
20290122,2029-01-22,2029
20290124,2029-01-24,2029
20290126,2029-01-26,2029
20290128,2029-01-28,2029
20290130,2029-01-30,2029
20290201,2029-02-01,2029
20290203,2029-02-03,2029
20290205,2029-02-05,2029
20290207,2029-02-07,2029
20290209,2029-02-09,2029
20290211,2029-02-11,2029
20290213,2029-02-13,2029
20290215,2029-02-15,2029
20290217,2029-02-17,2029
20290219,2029-02-19,2029
20290221,2029-02-21,2029
20290223,2029-02-23,2029
20290225,2029-02-25,2029
20290227,2029-02-27,2029
20290301,2029-03-01,2029
20290303,2029-03-03,2029
20290305,2029-03-05,2029
20290307,2029-03-07,2029
20290309,2029-03-09,2029
20290311,2029-03-11,2029
20290313,2029-03-13,2029
20290315,2029-03-15,2029
20290317,2029-03-17,2029
20290319,2029-03-19,2029
20290321,2029-03-21,2029
20290323,2029-03-23,2029
20290325,2029-03-25,2029
20290327,2029-03-27,2029
20290329,2029-03-29,2029
20290331,2029-03-31,2029
20290402,2029-04-02,2029
20290404,2029-04-04,2029
20290406,2029-04-06,2029
20290408,2029-04-08,2029
20290410,2029-04-10,2029
20290412,2029-04-12,2029
20290414,2029-04-14,2029
20290416,2029-04-16,2029
20290418,2029-04-18,2029
20290420,2029-04-20,2029
20290422,2029-04-22,2029
20290424,2029-04-24,2029
20290426,2029-04-26,2029
20290428,2029-04-28,2029
20290430,2029-04-30,2029
20290502,2029-05-02,2029
20290504,2029-05-04,2029
20290506,2029-05-06,2029
20290508,2029-05-08,2029
20290510,2029-05-10,2029
20290512,2029-05-12,2029
20290514,2029-05-14,2029
20290516,2029-05-16,2029
20290518,2029-05-18,2029
20290520,2029-05-20,2029
20290522,2029-05-22,2029
20290524,2029-05-24,2029
20290526,2029-05-26,2029
20290528,2029-05-28,2029
20290530,2029-05-30,2029
20290601,2029-06-01,2029
20290603,2029-06-03,2029
20290605,2029-06-05,2029
20290607,2029-06-07,2029
20290609,2029-06-09,2029
20290611,2029-06-11,2029
20290613,2029-06-13,2029
20290615,2029-06-15,2029
20290617,2029-06-17,2029
20290619,2029-06-19,2029
20290621,2029-06-21,2029
20290623,2029-06-23,2029
20290625,2029-06-25,2029
20290627,2029-06-27,2029
20290629,2029-06-29,2029
20290701,2029-07-01,2029
20290703,2029-07-03,2029
20290705,2029-07-05,2029
20290707,2029-07-07,2029
20290709,2029-07-09,2029
20290711,2029-07-11,2029
20290713,2029-07-13,2029
20290715,2029-07-15,2029
20290717,2029-07-17,2029
20290719,2029-07-19,2029
20290721,2029-07-21,2029
20290723,2029-07-23,2029
20290725,2029-07-25,2029
20290727,2029-07-27,2029
20290729,2029-07-29,2029
20290731,2029-07-31,2029
20290802,2029-08-02,2029
20290804,2029-08-04,2029
20290806,2029-08-06,2029
20290808,2029-08-08,2029
20290810,2029-08-10,2029
20290812,2029-08-12,2029
20290814,2029-08-14,2029
20290816,2029-08-16,2029
20290818,2029-08-18,2029
20290820,2029-08-20,2029
20290822,2029-08-22,2029
20290824,2029-08-24,2029
20290826,2029-08-26,2029
20290828,2029-08-28,2029
20290830,2029-08-30,2029
20290901,2029-09-01,2029
20290903,2029-09-03,2029
20290905,2029-09-05,2029
20290907,2029-09-07,2029
20290909,2029-09-09,2029
20290911,2029-09-11,2029
20290913,2029-09-13,2029
20290915,2029-09-15,2029
20290917,2029-09-17,2029
20290919,2029-09-19,2029
20290921,2029-09-21,2029
20290923,2029-09-23,2029
20290925,2029-09-25,2029
20290927,2029-09-27,2029
20290929,2029-09-29,2029
20291001,2029-10-01,2029
20291003,2029-10-03,2029
20291005,2029-10-05,2029
20291007,2029-10-07,2029
20291009,2029-10-09,2029
20291011,2029-10-11,2029
20291013,2029-10-13,2029
20291015,2029-10-15,2029
20291017,2029-10-17,2029
20291019,2029-10-19,2029
20291021,2029-10-21,2029
20291023,2029-10-23,2029
20291025,2029-10-25,2029
20291027,2029-10-27,2029
20291029,2029-10-29,2029
20291031,2029-10-31,2029
20291102,2029-11-02,2029
20291104,2029-11-04,2029
20291106,2029-11-06,2029
20291108,2029-11-08,2029
20291110,2029-11-10,2029
20291112,2029-11-12,2029
20291114,2029-11-14,2029
20291116,2029-11-16,2029
20291118,2029-11-18,2029
20291120,2029-11-20,2029
20291122,2029-11-22,2029
20291124,2029-11-24,2029
20291126,2029-11-26,2029
20291128,2029-11-28,2029
20291130,2029-11-30,2029
20291202,2029-12-02,2029
20291204,2029-12-04,2029
20291206,2029-12-06,2029
20291208,2029-12-08,2029
20291210,2029-12-10,2029
20291212,2029-12-12,2029
20291214,2029-12-14,2029
20291216,2029-12-16,2029
20291218,2029-12-18,2029
20291220,2029-12-20,2029
20291222,2029-12-22,2029
20291224,2029-12-24,2029
20291226,2029-12-26,2029
20291228,2029-12-28,2029
20291230,2029-12-30,2029
20300101,2030-01-01,2030
20300103,2030-01-03,2030
20300105,2030-01-05,2030
20300107,2030-01-07,2030
20300109,2030-01-09,2030
20300111,2030-01-11,2030
20300113,2030-01-13,2030
20300115,2030-01-15,2030
20300117,2030-01-17,2030
20300119,2030-01-19,2030
20300121,2030-01-21,2030
20300123,2030-01-23,2030
20300125,2030-01-25,2030
20300127,2030-01-27,2030
20300129,2030-01-29,2030
20300131,2030-01-31,2030
20300202,2030-02-02,2030
20300204,2030-02-04,2030
20300206,2030-02-06,2030
20300208,2030-02-08,2030
20300210,2030-02-10,2030
20300212,2030-02-12,2030
20300214,2030-02-14,2030
20300216,2030-02-16,2030
20300218,2030-02-18,2030
20300220,2030-02-20,2030
20300222,2030-02-22,2030
20300224,2030-02-24,2030
20300226,2030-02-26,2030
20300228,2030-02-28,2030
20300302,2030-03-02,2030
20300304,2030-03-04,2030
20300306,2030-03-06,2030
20300308,2030-03-08,2030
20300310,2030-03-10,2030
20300312,2030-03-12,2030
20300314,2030-03-14,2030
20300316,2030-03-16,2030
20300318,2030-03-18,2030
20300320,2030-03-20,2030
20300322,2030-03-22,2030
20300324,2030-03-24,2030
20300326,2030-03-26,2030
20300328,2030-03-28,2030
20300330,2030-03-30,2030
20300401,2030-04-01,2030
20300403,2030-04-03,2030
20300405,2030-04-05,2030
20300407,2030-04-07,2030
20300409,2030-04-09,2030
20300411,2030-04-11,2030
20300413,2030-04-13,2030
20300415,2030-04-15,2030
20300417,2030-04-17,2030
20300419,2030-04-19,2030
20300421,2030-04-21,2030
20300423,2030-04-23,2030
20300425,2030-04-25,2030
20300427,2030-04-27,2030
20300429,2030-04-29,2030
20300501,2030-05-01,2030
20300503,2030-05-03,2030
20300505,2030-05-05,2030
20300507,2030-05-07,2030
20300509,2030-05-09,2030
20300511,2030-05-11,2030
20300513,2030-05-13,2030
20300515,2030-05-15,2030
20300517,2030-05-17,2030
20300519,2030-05-19,2030
20300521,2030-05-21,2030
20300523,2030-05-23,2030
20300525,2030-05-25,2030
20300527,2030-05-27,2030
20300529,2030-05-29,2030
20300531,2030-05-31,2030
20300602,2030-06-02,2030
20300604,2030-06-04,2030
20300606,2030-06-06,2030
20300608,2030-06-08,2030
20300610,2030-06-10,2030
20300612,2030-06-12,2030
20300614,2030-06-14,2030
20300616,2030-06-16,2030
20300618,2030-06-18,2030
20300620,2030-06-20,2030
20300622,2030-06-22,2030
20300624,2030-06-24,2030
20300626,2030-06-26,2030
20300628,2030-06-28,2030
20300630,2030-06-30,2030
20300702,2030-07-02,2030
20300704,2030-07-04,2030
20300706,2030-07-06,2030
20300708,2030-07-08,2030
20300710,2030-07-10,2030
20300712,2030-07-12,2030
20300714,2030-07-14,2030
20300716,2030-07-16,2030
20300718,2030-07-18,2030
20300720,2030-07-20,2030
20300722,2030-07-22,2030
20300724,2030-07-24,2030
20300726,2030-07-26,2030
20300728,2030-07-28,2030
20300730,2030-07-30,2030
20300801,2030-08-01,2030
20300803,2030-08-03,2030
20300805,2030-08-05,2030
20300807,2030-08-07,2030
20300809,2030-08-09,2030
20300811,2030-08-11,2030
20300813,2030-08-13,2030
20300815,2030-08-15,2030
20300817,2030-08-17,2030
20300819,2030-08-19,2030
20300821,2030-08-21,2030
20300823,2030-08-23,2030
20300825,2030-08-25,2030
20300827,2030-08-27,2030
20300829,2030-08-29,2030
20300831,2030-08-31,2030
20300902,2030-09-02,2030
20300904,2030-09-04,2030
20300906,2030-09-06,2030
20300908,2030-09-08,2030
20300910,2030-09-10,2030
20300912,2030-09-12,2030
20300914,2030-09-14,2030
20300916,2030-09-16,2030
20300918,2030-09-18,2030
20300920,2030-09-20,2030
20300922,2030-09-22,2030
20300924,2030-09-24,2030
20300926,2030-09-26,2030
20300928,2030-09-28,2030
20300930,2030-09-30,2030
20301002,2030-10-02,2030
20301004,2030-10-04,2030
20301006,2030-10-06,2030
20301008,2030-10-08,2030
20301010,2030-10-10,2030
20301012,2030-10-12,2030
20301014,2030-10-14,2030
20301016,2030-10-16,2030
20301018,2030-10-18,2030
20301020,2030-10-20,2030
20301022,2030-10-22,2030
20301024,2030-10-24,2030
20301026,2030-10-26,2030
20301028,2030-10-28,2030
20301030,2030-10-30,2030
20301101,2030-11-01,2030
20301103,2030-11-03,2030
20301105,2030-11-05,2030
20301107,2030-11-07,2030
20301109,2030-11-09,2030
20301111,2030-11-11,2030
20301113,2030-11-13,2030
20301115,2030-11-15,2030
20301117,2030-11-17,2030
20301119,2030-11-19,2030
20301121,2030-11-21,2030
20301123,2030-11-23,2030
20301125,2030-11-25,2030
20301127,2030-11-27,2030
20301129,2030-11-29,2030
20301201,2030-12-01,2030
20301203,2030-12-03,2030
20301205,2030-12-05,2030
20301207,2030-12-07,2030
20301209,2030-12-09,2030
20301211,2030-12-11,2030
20301213,2030-12-13,2030
20301215,2030-12-15,2030
20301217,2030-12-17,2030
20301219,2030-12-19,2030
20301221,2030-12-21,2030
20301223,2030-12-23,2030
20301225,2030-12-25,2030
20301227,2030-12-27,2030
20301229,2030-12-29,2030
20301231,2030-12-31,2030
